<?xml version="1.0" encoding="UTF-8"?>
<theme>
	<formatVersion>7</formatVersion>


<view name="splash">
		<splash name="splash">
			<backgroundColor>3498DBFF</backgroundColor>
		</splash>

		<image name="background">
			<path>./art/background/arcade.png</path>
		</image>



		<image name="progressbarbg" extra="true">
			<origin>0 0</origin>
			<pos>0.2213541666666667 0.6472222222222222</pos>
			<size>0.4973958333333333 0.0092592592592593</size>
			<tile>true</tile>
			<path>./_inc/assets/progressbar.png</path>
			<color>2980B9</color>
			<colorEnd>2980B9</colorEnd>
			<zIndex>5</zIndex>
		</image>


		<image name="progressbar">
			<origin>0 0</origin>
			<pos>0.2213541666666667 0.6472222222222222</pos>
			<size>0.4973958333333333 0.0092592592592593</size>
			<path>./_inc/assets/progressbarbg.png</path>
			<color>3498DBFF</color>
			<colorEnd>3498DBFF</colorEnd>
			<roundCorners>0</roundCorners>
			<zIndex>6</zIndex>
		</image>
		<image name="progressbar:active">
			<tile>true</tile>
			<path>./art/assets/progressbar.png</path>
			<color>3498DB</color>
			<colorEnd>3498DB</colorEnd>
			<zIndex>7</zIndex>
		</image>


		<image name="splashlogo" extra="true">
			<path>./art/assets/splashlogo.svg</path>
			<size>0.50 0.28</size>
			<pos>0.2132541666666667 0.3556666666666667</pos>
		</image>


		
		<text name="label">

			<color>FFFFFFFF</color>
			<alignment>left</alignment>
			<fontPath>./art/fonts/RedHatDisplay-Regular.ttf</fontPath>
			<pos>0.2213541666666667 0.6860740740740741</pos>
			<fontSize>0.028</fontSize>
			<color>d9d9d9</color>
			<glowColor>00000018</glowColor>
			<glowSize>0</glowSize>
			<glowOffset>0</glowOffset>
		</text>
	</view>










</theme>