﻿<?xml version="1.0" encoding="UTF-8"?>
<theme>
  <formatVersion>7</formatVersion>
	<variables>
		<baseColor>30508b</baseColor>
		<gradientEndColor>00205b</gradientEndColor>
		<centerFadeColor>40609b50</centerFadeColor>    
		<backgroundColor>081622</backgroundColor>
		<bottomBarColor>407bc0B9</bottomBarColor>
		<glowColor>3060Ab24</glowColor>
		<systemInfoColor>FAFAFFB0</systemInfoColor>
		<backgroundImage>./_inc/images/fiber.png</backgroundImage>
		<groupColor>5178C3</groupColor>
		<groupSeparatorColor>3B5B96</groupSeparatorColor>
	</variables>
</theme>